facility_id,our_name,register_name,reg_num,type,settlement,municipality,similarity,verdict
d28c08bb-4e20-4f06-9001-140342a233b8,"Стадион ""Христо Ботев""","Стадион ""Христо Ботев""",С-56784-062,Стадион,гр. Пловдив,Пловдив,1.0,confirmed
92ec63fe-3ee1-47b4-ab4d-2d0a77d3619f,"Стадион ""Локомотив""","Стадион ""ЛОКОМОТИВ""",С-68850-007,Стадион,гр. Стара Загора,Стара Загора,1.0,confirmed
5e150463-b644-4bea-8d54-6b9d2e8c9230,"Стадион ""Христо Ботев""","стадион ""Христо Ботев""",С-04279-003,Стадион,гр. Благоевград,Благоевград,1.0,confirmed
922bc29a-5591-4310-9193-5a5b5af0d7f3,"Стадион ""Хаджи Димитър""","Стадион ""Хаджи Димитър""",С-67338-008,Стадион,гр. Сливен,Сливен,1.0,confirmed
c98b9ea3-e260-40a2-b38c-3d5526061672,Стадион,Стадион,С-56784-015,Стадион,с. Войводиново,Марица,1.0,confirmed
061d8abe-56ae-420e-ad4e-1341f5a27bc5,Стадион,Стадион,С-56784-015,Стадион,с. Войводиново,Марица,1.0,confirmed
db6e9944-75c1-47f5-8394-863ab3df0438,Стадион,Стадион,С-56784-027,Стадион,с. Оризари,Родопи,1.0,confirmed
685fc9ac-b722-4224-8d4c-7265d3dbbb5c,Стадион,Стадион,С-06207-003,Стадион,гр. Брацигово,Брацигово,1.0,confirmed
da6e8dd6-cb34-4b25-94e2-3b41b0f66526,"Стадион ""Априлов""",Стадион „Априлов“,С-14218-003,Стадион,гр. Габрово,Габрово,1.0,confirmed
0b862117-63f6-4ca0-81c7-fd7a8f6710ff,Тенис кортове,Тенис кортове,С-07702-010,Спортна площадка,гр. Бяла Слатина,Бяла Слатина,1.0,confirmed
2bcc404b-fea5-4fcd-8764-c992d2e6810f,тенис кортове,Тенис кортове,С-35064-003,Спортен комплекс,гр. Каварна,Каварна,1.0,confirmed
14bd9107-ce3c-4db0-b925-270b2716f5d3,Футболно игрище,футболно игрище,С-73496-004,Стадион,с. Нова Черна,Тутракан,1.0,confirmed
a65e06c8-4bd7-4554-a428-9dea2024759b,Футболно игрище,Футболно игрище,С-66425-005,Игрище,с. Калипетрово,Силистра,1.0,confirmed
a81501e6-4a3e-4fac-a466-9aaf7068d4c7,Стадион Орчо Войвода,"Стадион ""Орчо войвода""",С-55302-001,Стадион,гр. Панагюрище,Панагюрище,1.0,confirmed
d7de7aca-13b7-4f27-93a9-7c1cdbf4390f,Колодрум,Колодрум,С-35167-002,Колодрум,гр. Казанлък,Казанлък,1.0,confirmed
5f7df49c-0a9c-4aee-b60f-019d8a300406,Стадион,Стадион,С-63427-012,Стадион,с. Червена вода,Русе,1.0,confirmed
7ad7a45e-ae28-44b1-97dd-46ab3af86a0e,Стадион „Христо Ботев“,"Стадион ""Христо Ботев""",С-05815-005,Друг,гр. Ботевград,Ботевград,1.0,confirmed
c4979272-e25a-4f84-a59e-d7294690fb82,Футболно игрище,Футболно игрище,С-69660-009,Училищна спортна база,гр. Стралджа,Стралджа,1.0,confirmed
4848beeb-e19c-44a6-b375-9cd73f8cca58,Стадион,Стадион,С-67338-026,Стадион,с. Самуилово,Сливен,1.0,confirmed
c59860f3-7dae-4e9f-9f61-065a01f906b3,Стадион,Стадион,С-15309-001,Стадион,гр. Годеч,Годеч,1.0,confirmed
3f2fe748-dba8-4904-9cb8-c2a6f98a1fe6,Стадион Димитър Лекин,"Стадион ""Димитър Лекин""",С-77058-001,Стадион,гр. Хаджидимово,Хаджидимово,1.0,confirmed
ff6c4e3e-6b0e-4a33-8062-6a101a4dd2a5,Игрище,Игрище,С-56784-010,Игрище,с. Динк,Марица,1.0,confirmed
c23ee1e2-0705-41ce-b56e-084505a92dc2,Стадион Плевен,Стадион ПЛЕВЕН,С-56722-006,Стадион,гр. Плевен,Плевен,1.0,confirmed
07e06a8e-8449-4492-8713-4b84d8eed1f9,"Градски Стадион ""Филип Тотю""","Градски стадион ""Филип Тотю""",С-20184-001,Стадион,гр. Две могили,Две могили,1.0,confirmed
0d440fe8-bf8b-4cdf-a49d-588509d71a37,Спортна зала Никола Станчев,"Спортна зала ""Никола Станчев""",С-07079-043,Спортна зала,гр. Бургас,Бургас,1.0,confirmed
bd5fbb3c-f604-4ac3-b4bb-76eb06dd40eb,"Спортна зала ""Младост""","Спортна зала ""Младост""",С-21052-001,Спортна зала,гр. Димитровград,Димитровград,1.0,confirmed
b9cb3bdf-f217-4fe6-b0dd-ff6e43214284,"Спортна зала ""Васил Левски""","Спортна зала ""Васил Левски""",С-67338-005,Спортна зала,гр. Сливен,Сливен,1.0,confirmed
ca06ff06-03b3-4cb5-8449-5c5c71fad091,Спортен комплекс Раковски,"Спортен комплекс ""Раковски""",С-2210-001,Спортен комплекс,гр. София,Столична,1.0,confirmed
e66ef33f-6ab5-4892-bb17-0b0fc9334b3d,"Плувен Басейн ""Мадара""","Плувен басейн ""Мадара""",С-68134-394,Басейн,гр. София,Столична,1.0,confirmed
4a969dce-7e1e-417a-aff6-837948b46daf,Спортна зала Младост,"Спортна зала ""Младост""",С-07079-066,Спортна зала,гр. Бургас,Бургас,1.0,confirmed
00c377b0-d4a9-4260-bebb-1849282b3e2d,Спортна зала Бойчо Брънзов,"Спортна зала ""Бойчо Брънзов""",С-07079-068,Спортна зала,гр. Бургас,Бургас,1.0,confirmed
28b543dc-6c8b-49ee-b97f-868d5f76323e,Спортна зала Диана,"Спортна зала ""Диана""",С-87374-044,Спортна зала,гр. Ямбол,Ямбол,1.0,confirmed
ea3baa28-4e5b-4b6a-ace5-6a4035fccc84,Спортна зала Нефтохимик,"Спортна зала ""Нефтохимик""",С-07079-064,Спортна зала,гр. Бургас,Бургас,1.0,confirmed
6bbeac2a-2e4c-4d5f-8da8-d608427de368,Зимен дворец на спорта,Зимен дворец на спорта,С-2216-002,Спортна зала,гр. София,Столична,1.0,confirmed
7587c460-be2e-4a54-a667-c7969425adc0,Плувен комплекс Приморски,"Плувен комплекс ""Приморски""",С-10135-008,Плувен комплекс,гр. Варна,Варна,1.0,confirmed
a86fc96d-089b-4b1a-ac4e-3916a04679ab,Спортна зала „Дружба“,"Спортна зала ""Дружба""",С-77195-009,Спортна база,гр. Хасково,Хасково,1.0,confirmed
1f6dc43d-ac75-40a7-8beb-a2255590bbb5,Градски стадион,Градски стадион,С-81414-001,Спортен комплекс,гр. Чирпан,Чирпан,1.0,confirmed
6087b656-1bcd-4d13-88f3-0b6d2eb6bb5f,"спортен комплекс ""Дунав""","Спортен комплекс ""Дунав""",С-63427-008,Спортен комплекс,гр. Русе,Русе,1.0,confirmed
9a3e96ba-d461-449c-a99e-c66548a5140c,Спортна зала Спартак,"СПОРТНА ЗАЛА ""СПАРТАК""",С-56722-005,Спортна зала,гр. Плевен,Плевен,1.0,confirmed
7f0444ff-56fe-4b19-8c35-056e21200719,Хиподрум,Хиподрум,С-61710-004,Спортен комплекс,с. Гецово,Разград,1.0,confirmed
0791e57f-002d-4ba2-b72d-a7c6c897afba,Национална Априловска гимназия,НАЦИОНАЛНА АПРИЛОВСКА ГИМНАЗИЯ,С-14218-005,Училищна спортна база,гр. Габрово,Габрово,1.0,confirmed
0b1f7898-bc33-4159-b231-2b1047f6f75a,Спортен комплекс,Спортен комплекс,С-10447-019,Спортен комплекс,с. Самоводене,Велико Търново,1.0,confirmed
3ab7dd3d-fe92-4a9d-9338-554d9f66136a,Спортна зала Никола Петров,"Спортна зала ""Никола Петров""",С-16359-013,Спортна зала,гр. Горна Оряховица,Горна Оряховица,1.0,confirmed
85faaba1-f510-423e-a5e0-67049047d15f,Спортна зала,Спортна зала,С-63427-004,Спортна зала,гр. Русе,Русе,1.0,confirmed
a2d5baad-e14b-4ac8-8472-abad3cf5df74,Стадион Локомотив,"Стадион ""Локомотив""",С-47714-007,Стадион,гр. Мездра,Мездра,1.0,confirmed
a0838f5b-ee1d-41d1-a081-c3e434a59cd2,Спортна зала Дан Колов,"Спортна зала ""Дан Колов""",С-65927-001,Спортна зала,гр. Севлиево,Севлиево,1.0,confirmed
c778fa29-418c-47e9-843d-aea4bd2422b8,Спортна зала,Спортна зала,С-44327-001,Спортна зала,гр. Луковит,Луковит,1.0,confirmed
9940b961-9dbc-4ca7-9f04-54c3a189017d,зала Балканстрой,"Зала ""Балканстрой""",С-56722-001,Спортна зала,гр. Плевен,Плевен,1.0,confirmed
23080010-cc5b-4d58-9d71-f3b3ed154f5c,Спортна зала Орловец,"Спортна зала - ""Орловец""",С-14218-001,Спортна зала,гр. Габрово,Габрово,1.0,confirmed
b3154ee2-ec3f-4714-94cb-8ecfd7a32703,Спортна зала „Дупница“,"Спортна зала ""Дупница""",С-68789-015,Спортна зала,гр. Дупница,Дупница,1.0,confirmed
051a7104-3c02-49ba-b501-b597f76fcd20,Приморски,"Плувен комплекс ""Приморски""",С-10135-008,Плувен комплекс,гр. Варна,Варна,1.0,name_differs
9d3ed894-c0f6-43e0-aaa9-669bcf151260,Георги Бенковски,"Стадион ""Георги Бенковски""",С-10971-004,Стадион,гр. Видин,Видин,1.0,name_differs
a1954887-169c-4041-8580-eacfef1b9bc9,Тенис игрище Младост,"""Спортен комплекс -Младост""",С-10135-004,Спортен комплекс,гр. Варна,Варна,1.0,name_differs
57d31954-ef06-441f-88b0-6145bd43ef83,Тенис игрище Младост,"""Спортен комплекс -Младост""",С-10135-004,Спортен комплекс,гр. Варна,Варна,1.0,name_differs
ad313f3b-2df2-4c4a-9ee0-efbc2b689475,Бонсист,"Спортен Комплекс ""Бонсист""",С-2216-004,Спортен комплекс,гр. София,Столична,1.0,name_differs
162a4068-35fd-4abf-b79f-b3c41b739849,Стадион Пловдив,"Спортен комплекс ""Пловдив""",С-56784-029,Спортен комплекс,гр. Пловдив,Пловдив,1.0,name_differs
298aa72f-b75a-41e5-9b95-3756e66731a4,"Стадион ""Смолян""",Смолян,С-67653-003,Спортна зала,гр. Смолян,Смолян,1.0,name_differs
e8cfd8b6-52a9-402e-bdf9-afd2e4ef65d0,"Зала ""Васил Левски""","Спортна зала ""Васил Левски""",С-55155-004,Комплекс от спортни сгради,гр. Пазарджик,Пазарджик,1.0,name_differs
fc898c20-86c1-4fda-acbb-6b4818130e31,Стадион Георги Бенковски,"Спортен комплекс  ""Георги  Бенковски""",С-55155-009,Спортен комплекс,гр. Пазарджик,Пазарджик,1.0,name_differs
9727b363-4ae4-4a6a-9d96-9aa89673947c,Стадион Чумерна,"Градски стадион ""Чумерна""",С-27190-001,Стадион,гр. Елена,Елена,1.0,name_differs
0c43c307-f232-4cfb-ba29-0d18fd672fbd,"Стадион ""Младост""","Спортен комплекс ""Младост""",С-77195-008,Спортен комплекс,гр. Хасково,Хасково,1.0,name_differs
45e9c8c3-dc1b-4550-990e-57e0c120baf9,стадион Раковски,"Спортен комплекс стадион ""Раковски""",С-65927-002,Стадион,гр. Севлиево,Севлиево,1.0,name_differs
18f90f64-39a2-4965-9d4e-50007e1b8984,"Стадион ""Миньор""","Спортна площадка ""Миньор""",С-21052-004,Спортна площадка,гр. Димитровград,Димитровград,1.0,name_differs
e9c809b9-01c4-4044-a592-b009b70e94eb,Плевен,Стадион ПЛЕВЕН,С-56722-006,Стадион,гр. Плевен,Плевен,1.0,name_differs
8888f414-10dc-4ac8-943f-1d2c94a8bc98,"Стадион ""Георги Бенковски""","Спортен комплекс  ""Георги  Бенковски""",С-55155-009,Спортен комплекс,гр. Пазарджик,Пазарджик,1.0,name_differs
1f23021d-6768-43b1-aba6-74d0f1d6ea1c,"Стадион ""Берое""","Спортен комплекс ""Берое""",С-68850-002,Спортен комплекс,гр. Стара Загора,Стара Загора,1.0,name_differs
43dbf682-2c24-4394-b8f6-384bf3342ad2,Борисова градина,"Тенис база ""Борисова градина""",С-68134-397,Спортен комплекс,гр. София,Столична,1.0,name_differs
91e2517a-dd39-43a9-bcba-5c91ee4eed20,Колодрум,Градски колодрум,С-61710-008,Колодрум,гр. Разград,Разград,1.0,name_differs
56df4490-2ed8-40ec-a6b9-c17e865c6e31,Спортна База Раковски,"Спортен комплекс ""Раковски""",С-2210-001,Спортен комплекс,гр. София,Столична,1.0,name_differs
c2f3e49d-3307-4a72-b450-d7bf65b2adb4,Спартак,"Спортна площадка ""Спартак""",С-77195-010,Спортна площадка,гр. Хасково,Хасково,1.0,name_differs
f11e721a-1286-43d5-80a7-deef7297a55c,Зала Бонсист,"Спортен Комплекс ""Бонсист""",С-2216-004,Спортен комплекс,гр. София,Столична,1.0,name_differs
bfe9f622-38c5-463b-ad4d-7155590e41eb,Спортна зала Миньор,"Спортен комплекс ""Миньор""",С-55871-002,Спортен комплекс,гр. Перник,Перник,1.0,name_differs
2d13b2eb-a31c-4598-aa71-8b2df3e654cc,Арена Русе,"Многофункционална спортна зала ""Арена Русе""",С-63427-053,Многофункционална арена,гр. Русе,Русе,1.0,name_differs
722ebeb3-e99f-4064-a531-dcabbbb0eb7c,Арена Ботевград,"Многофункционална спортна зала ""Арена Ботевград""",С-05815-003,Друг,гр. Ботевград,Ботевград,1.0,name_differs
49db7401-535d-41ba-a8e1-f3756444afd5,Зала Младост,"Спортна зала ""Младост""",С-83510-006,Спортна зала,гр. Шумен,Шумен,1.0,name_differs
898f11d5-8a40-4b14-b806-c25c759f864a,Спортен комплекс Нефтохимик,"Спортна зала ""Нефтохимик""",С-07079-064,Спортна зала,гр. Бургас,Бургас,1.0,name_differs
374af51b-991d-43cb-b28b-f5eddf14cc19,"Плувен комплекс ""Младост""","Общински плувен басейн ""Младост""",С-56784-042,Плувен комплекс,гр. Пловдив,Пловдив,1.0,name_differs
4e94e7dc-bcb3-4fca-9ed0-d3e3ca16cf09,Спортна база Лудогорец,"Спортна зала ""Лудогорец""",С-61710-002,Спортна зала,гр. Разград,Разград,1.0,name_differs
a37e0d54-96a2-48e0-b8e5-e80c94ae50cc,Арена Шумен,"Многофункционална зала ""Арена Шумен""",С-83510-038,Многофункционална арена,гр. Шумен,Шумен,1.0,name_differs
656a59b4-9d88-4085-ae45-f34709293ad8,"Спортна зала ""Ялта''","Спортен комплекс ""Ялта""",С-63427-047,Спортен комплекс,гр. Русе,Русе,1.0,name_differs
7a806882-6946-4ace-993a-fae0ac156a4e,Спортна база „Берое“,"Спортен комплекс ""Берое""",С-68850-002,Спортен комплекс,гр. Стара Загора,Стара Загора,1.0,name_differs
ba001c4f-c347-495a-8751-38bf8fd1f7b8,"Спортна зала ""Бяла Слатина""",Спортна площадка  - гр. Бяла Слатина,С-07702-012,Игрище,гр. Бяла Слатина,Бяла Слатина,1.0,name_differs
014b6da2-293c-458e-b45d-eb12dbf7caa7,Спартак,"Плувен комплекс ""Спартак""",С-68134-364,Плувен комплекс,гр. София,Столична,1.0,name_differs
a4388088-f59f-4f16-80ef-ac6306d911d7,Общински Спортен Комплекс - гр. Каспичан,Спортна площадка  гр. Каспичан,С-36587-001,Спортна площадка,с. Каспичан,Каспичан,1.0,name_differs
da66df11-fd73-4c59-896f-61d024cf0265,Закрит плувен басейн „Хасково“,"Закрит плувен басейн, гр. Хасково",С-77195-031,Басейн,гр. Хасково,Хасково,1.0,name_differs
03478c1b-ea1f-4e47-9ef6-be29c4194bd3,"Стадион ""Георги Бенковски""","Спортен комплекс ""Георги Бенковски""",С-72343-002,Спортен комплекс,гр. Тетевен,Тетевен,1.0,name_differs
d177eb1c-1163-4996-99f3-a4f4932a8472,Стадион Чавдар,"СПОРТЕН КОМПЛЕКС ""ЧАВДАР""",С-27632-003,Спортен комплекс,гр. Етрополе,Етрополе,1.0,name_differs
3505197c-3300-4e33-b7bd-090c4994e12f,Спортна зала „Христо Ботев”,"Спортна зала ""Христо Ботев""",С-2216-001,Спортна зала,гр. София,Столична,0.98,name_differs
7f521fc5-a6da-4fcd-92dd-7374400b9018,Гребна база Академик,Гребна база - Академика,С-2223-001,Гребен канал,гр. София,Столична,0.98,name_differs
548c75cc-5968-474d-908d-fd91dca3734f,Тенискортове,Тенис кортове,С-56722-008,Игрище,гр. Плевен,Плевен,0.96,name_differs
a19056bc-99e4-4461-96d8-128b229f3dba,Стадион Сливнишки Герой,"Стадион ""Сливнишки герои""",С-67372-001,Спортен комплекс,гр. Сливница,Сливница,0.96,name_differs
e690a087-05d8-4aaa-a530-0aa5a30bc330,Дворецът на културата и спорта “Васил Левски”,"Дворец на културата и спорта ""Васил Левски""",С-10447-022,Спортна зала,гр. Велико Търново,Велико Търново,0.96,name_differs
be3b3349-1be3-4b9e-8cfe-e6cda4a515ff,Стадион Луи Айер,"Стадион ""Луй Айер""",С-66425-006,Стадион,гр. Силистра,Силистра,0.94,name_differs
bfbc9e52-c29e-4316-bd0a-89929ca9bd31,Спортна зала Аетос,"Спортна зала ""АEТОС""",С-00151-009,Спортна зала,гр. Айтос,Айтос,0.94,name_differs
16c7f459-11a9-400a-8044-aece08a6a58a,Стадион Христо Ботев,"Стадион - СК ""Христо Ботев""",С-12259-003,Стадион,гр. Враца,Враца,0.93,name_differs
643696b9-e520-4c2b-8fdd-f0be5f7c3906,Национален стадион Васил Левски,"Национален стадион ""Васил Левски"" - София",С-68134-379,Стадион,гр. София,Столична,0.91,name_differs
4a47959d-7225-4fdb-92d4-93d528e50a0f,Стадион Хр. Ботев,"Стадион ""Ботев""",С-32901-003,Стадион,гр. Ихтиман,Ихтиман,0.9,name_differs
2baf3dd5-baa2-48a2-9dfc-fbfb5446a07a,Спортна София – 2000,"""Спортна София 2000"" ЕАД",С-68134-261,Спортна база,гр. София,Столична,0.9,name_differs
3077ef87-5e86-4596-bc5f-190e507ce496,Стадион Бистрица,Стадион в с. Бистрица,С-68134-016,Стадион,с. Бистрица,Столична,0.89,name_differs
fe8b0c43-1941-458d-a932-107dbcd96461,Стадион Требич,Стадион в с. Требич,С-68134-140,Стадион,гр. София,Столична,0.88,name_differs
76af44a3-2c52-4b81-a524-2f45dc67ee51,Тенис корт,ТЕНИС КОРТОВЕ,С-65231-007,Игрище,гр. Самоков,Самоков,0.87,name_differs
cbf02549-c482-4b04-b396-b7cc0e1cfb02,"Спортен комплекс ""Юнак""",Спортен комплекс,С-10447-019,Спортен комплекс,с. Самоводене,Велико Търново,0.86,name_differs
cbbdaf75-e22e-4859-abab-4f064871d472,Спортен комплекс ВСИ,"Спортен комплекс ""Пловдив""",С-56784-029,Спортен комплекс,гр. Пловдив,Пловдив,0.86,name_differs
c3487b0e-1aeb-448c-a6c7-ac9244f66f88,Национална гребна база Средец,"Национална гребна база ""Средец"" - Панчарево",С-68134-389,Спортен комплекс,гр. София,Столична,0.85,name_differs
5eb1a0a0-1bf4-49a3-9ebe-3b0c9bdc9df7,Плувен комплекс Флора,Плувен комплекс,С-07079-048,Плувен комплекс,гр. Бургас,Бургас,0.83,name_differs
c7fea41f-a04d-49a9-bf0b-bdeaa537d5be,Футболно игрище,футболно игрище -Завой,С-87374-007,Игрище,с. Завой,Тунджа,0.83,name_differs
41930321-6c83-412f-98d6-0cd17de2fef6,Спортен комплекс Славия,спортен комплекс - с.Доброславци,С-68134-063,Спортен комплекс,с. Доброславци,Столична,0.83,name_differs
2dc46eb9-8885-4461-b9b4-38079f175508,Зимна пързалка Славия,"Хокейна пързалка ""Славия""",С-68134-399,Пързалка,гр. София,Столична,0.82,name_differs
20c1a76a-00f1-4769-8b19-44a29250dc94,Спортен Комплекс Камчия,Спортен комплекс,С-00084-011,Спортен комплекс,с. Дъбравино,Аврен,0.82,name_differs
f96e0812-96b6-4f4b-8c8b-e1668da2dbd7,Спортен комплекс на НСА,Спортен комплекс,С-2207-004,Спортен комплекс,гр. София,Столична,0.82,name_differs
95adab14-9a49-42fe-be5a-8e087e4ca8a1,Стадион Раковски,"Стадион ""Чалъкови""",С-62075-005,Стадион,с. Чалъкови,Раковски,0.81,name_differs
55b7eb00-204c-4866-8bbf-78746248229d,"Спортна зала ""Септември""","Спортна зала ""Септември"" - гр. Разлог",С-61813-008,Спортна зала,гр. Разлог,Разлог,0.81,name_differs
b0ce28d9-0c72-46eb-a651-345ba6e848ae,"Спортна зала ""Петър Балевски""","Спортна зала""Петър Балевски"" - гр.Угърчин",С-75054-006,Спортна зала,гр. Угърчин,Угърчин,0.81,name_differs
b56fed6a-b10f-4397-b916-f5b189a62928,Игрище за ръгби и футбол,Игрище за футбол,С-68134-184,Игрище,гр. София,Столична,0.8,name_differs
58d19b38-2eb0-4ef1-8630-74959693da0d,Стадиона,"Стадион ""Юнак""",С-44793-003,Стадион,гр. Лясковец,Лясковец,0.8,name_differs
6ddb0908-3c70-4e35-9054-2b3bd448c552,Стадион Академик-Плиска,Стадион Академик - IV км.,С-2207-003,Стадион,гр. София,Столична,0.8,name_differs
6290a97c-1f05-4a84-b4c8-6dbafb852eb9,"Спортен Клуб ""Дунав""","Спортен комплекс ""Дунав""",С-63427-008,Спортен комплекс,гр. Русе,Русе,0.8,name_differs
07020b0e-592f-4c6b-898c-1d75b47e4460,Градски Несебър Стадион,Градски Стадион,С-51500-001,Стадион,гр. Несебър,Несебър,0.79,name_differs
c4132434-f5b1-4ceb-b242-72152c970b0b,Футболно игрище,Футболно игрище с.Дибич,С-83510-032,Игрище,с. Дибич,Шумен,0.79,name_differs
6684b7e1-561b-4ea9-9326-2c925deddc9e,Платено футболно игрище,Футболно игрище,С-63427-014,Игрище,гр. Русе,Русе,0.79,name_differs
8737690c-25e8-4d07-b503-026da02853c4,Спортна зала Медицински Университет,Спортна база към Медицински университет - гр. Плевен,С-56722-003,Училищна спортна база,гр. Плевен,Плевен,0.79,name_differs
e1f2ddc3-49bc-48af-8c83-9fc8ab0b1d21,"Спортен комплекс ""Русалка""","Спортен комплекс ""Простор""",С-72624-001,Спортен комплекс,гр. Добрич,Добрич,0.79,name_differs
59ed86ac-7e4e-434f-a3ac-be70dc54d620,"Спортна зала ""Медик""","Спортна зала ""Чайка""",С-56784-091,Спортна зала,гр. Пловдив,Пловдив,0.78,name_differs
8c31b020-6b55-4956-9138-8cf90eabcec6,Спортна зала Партизан,Спортна зала- гр. Трън,С-73273-001,Спортна зала,гр. Трън,Трън,0.78,name_differs
ee64f963-b042-44cc-9d15-df435c992f8d,"Спортен комплекс ""Студентска""","Спортен комплекс ""Спартак""",С-10135-010,Стадион,гр. Варна,Варна,0.78,name_differs
ef79eeb9-cb5c-4aa5-8954-7fef0ea3eed5,Стадион Минерал,"Стадион ""Металург""",С-55871-008,Стадион,гр. Перник,Перник,0.77,name_differs
a9a75134-b695-4e96-99c4-12df7c05f276,Футболно игрище,Футболно игрище с. Душево,С-65927-004,Стадион,с. Душево,Севлиево,0.77,name_differs
50b21cb2-e77a-4231-8ac0-108a93d46540,"Спортен комплекс на ""Университета по хранителни технологии""","Спортна база към Университета по хранителни технологии, гр. Пловдив",С-56784-075,Спортна база,гр. Пловдив,Пловдив,0.77,name_differs
843f4e4c-cee6-4804-bcc2-eea92793c9d0,закрит плувен басейн Сливен,Открит плувен басейн,С-67338-023,Басейн,с. Гавраилово,Сливен,0.77,name_differs
96dbb450-01bb-4b8d-8c66-25e384d57abb,"Спортна зала ""Левски София""","Спортна зала на СК ""Илинден - София""",С-68134-199,Спортна зала,гр. София,Столична,0.77,name_differs
e01bd6c8-d087-485f-b42c-8df9de73a32b,Стадион Струма,"Стадион ""Спартак""",С-66460-002,Стадион,с. Крупник,Симитли,0.76,name_differs
a2a12fdd-3b36-4821-889f-970499802fd1,Спортна площадка,Спортна площадка гр. Мъглиж,С-49494-006,Спортна площадка,гр. Мъглиж,Мъглиж,0.76,name_differs
594ad4ac-b6e4-4180-b7d2-8510e5d014d0,Конна база Хан Аспарух,"КСБ ""Хан Аспарух""",С-03592-006,Спортна база,гр. София,Столична,0.76,name_differs
b9b306d7-42cf-4f70-a32e-1f8976ccb417,"Спортен комплекс ""Славейков""",Спортен комплекс,С-07079-067,Спортен комплекс,гр. Бургас,Бургас,0.76,name_differs
f5627aef-c927-4cf0-8c5f-b452f9815eec,Спортна зала,"Спортна зала - ""Орловец""",С-14218-001,Спортна зала,гр. Габрово,Габрово,0.75,name_differs
34b57876-fd5a-40d7-b795-e20e542bd70a,"Спортна зала ""Спартак""","Спортна зала ""Младост""",С-55155-006,Спортна зала,гр. Пазарджик,Пазарджик,0.75,name_differs
e373b704-aab6-42d1-8392-2b2c5d02407b,"спортен комплекс, плувен басейн","Спортен комплекс ""Плиска""",С-83510-030,Спортен комплекс,гр. Шумен,Шумен,0.75,name_differs
adeffb5e-849b-47fe-a066-ad961990ee18,Футболно игрище - Люлин 6,"Футболно игрище на ул. ""207""",С-68134-307,Игрище,гр. София,Столична,0.75,name_differs
de8eaeb5-616b-4f52-8150-2708677539a5,"Академия ""ФК Спартак Варна""",Академия МВР/ЦСПП Варна,С-10135-002,Стрелбище,гр. Варна,Варна,0.75,name_differs
295137a7-f15b-4f8c-9bab-83ed77133ef8,Спортна зала,Закрита спортна зала,С-43952-014,Спортна зала,гр. Ловеч,Ловеч,0.75,name_differs
df6021c8-d7ea-47f6-b893-188c38b1104d,"Спортна зала ""Асеновец""","Спортна зала ""Васил Левски""",С-67338-005,Спортна зала,гр. Сливен,Сливен,0.74,name_differs
1ef3f11f-4ba4-4adc-a491-186d4c7a4937,Картинг писта „Пауталия“,Картинг писта,С-41112-003,Писта,гр. Кюстендил,Кюстендил,0.74,name_differs
dedfff8a-036d-410d-a4ea-4261c0438c37,Конна база,Почивна база.,Т-07079-001,Туристическа база,гр. Бургас,Бургас,0.73,name_differs
ecc5361d-056e-4b06-9f0a-9faf141edbd4,Конна база,Спортна база,С-00182-001,Спортна база,гр. Аксаково,Аксаково,0.73,name_differs
383f4ad1-3770-42d4-9666-16f73fff5b0b,Спортен комплекс Арена,"Спортен комплекс ""Георги Дражев""",С-87374-049,Спортен комплекс,гр. Ямбол,Ямбол,0.73,name_differs
9fec6b15-1814-4873-af4e-e8e76d2869cc,Училищно игрище,футболно игрище,С-56784-017,Игрище,с. Труд,Марица,0.73,name_differs
9bd93ea7-13e8-4e18-9022-aa05f4f4795e,Спортна зала,"Спортна зала ""Триадица""",С-68134-222,Спортна зала,гр. София,Столична,0.73,name_differs
f2c3908c-9c3d-4e3b-9be6-dd0d1ef24ae4,Спортен комплекс Христо Ботев,"Спортна зала волейбол - СК ""Христо Ботев""",С-12259-007,Спортна зала,гр. Враца,Враца,0.73,name_differs
47a96f4c-1786-4a2e-a14a-dc107c805c12,"Спортна зала ""Локомотив""","Спортна зала ""Христо Ботев""",С-2216-001,Спортна зала,гр. София,Столична,0.72,name_differs
7b3457bc-c857-401c-b472-bba956c327a5,Стадион „Осогово“,"СК ""Осогово""",С-41112-001,Спортен комплекс,гр. Кюстендил,Кюстендил,0.72,name_differs
248e7ea2-7e1c-4c68-8732-9bf411c6da4e,НПК Червено знаме,"Спортен комплекс ""Червено знаме""",С-68134-361,Спортен комплекс,гр. София,Столична,0.72,name_differs
