ekatte_code,population
BGS01,25481
BGS04,196582
BGS06,13145
BGS08,9545
BGS09,20840
BGS12,2628
BGS13,8329
BGS15,23760
BGS17,25406
BGS18,26385
BGS21,11984
BGS23,10583
BGS27,5618
BLG01,12722
BLG02,9206
BLG03,69078
BLG11,29383
BLG13,14861
BLG28,4546
BLG33,47939
BLG37,18910
BLG40,35885
BLG42,13422
BLG44,13200
BLG49,4634
BLG52,8860
BLG53,9581
DOB03,15958
DOB12,11114
DOB15,16764
DOB17,13308
DOB20,3146
DOB27,11951
DOB28,73895
DOB29,4010
GAB05,51881
GAB12,7650
GAB29,29676
GAB35,9180
HKV09,44632
HKV11,5161
HKV17,8940
HKV18,1484
HKV19,5520
HKV28,20764
HKV29,7700
HKV30,5458
HKV32,8941
HKV33,21623
HKV34,81342
JAM03,3118
JAM07,13272
JAM22,10370
JAM25,21167
JAM26,61766
KNL04,6862
KNL05,2348
KNL27,4260
KNL29,49080
KNL31,1824
KNL38,2442
KNL41,6691
KNL48,37795
KNL50,434
KRZ02,11318
KRZ08,8375
KRZ14,20442
KRZ15,16909
KRZ16,62005
KRZ21,14353
KRZ35,7775
LOV02,2786
LOV17,3632
LOV18,38699
LOV19,15761
LOV33,17970
LOV34,26884
LOV36,5035
LOV38,5627
MON02,14501
MON04,7712
MON07,4096
MON11,7698
MON12,6927
MON14,2018
MON24,21248
MON26,3085
MON29,46271
MON36,2859
MON38,3535
PAZ03,4869
PAZ04,7324
PAZ06,7355
PAZ08,32951
PAZ14,4695
PAZ19,91368
PAZ20,22084
PAZ21,14742
PAZ24,13490
PAZ29,21795
PAZ32,4409
PAZ39,4732
PDV01,57601
PDV07,6170
PDV12,10598
PDV13,46784
PDV15,2220
PDV17,32154
PDV22,319612
PDV23,21807
PDV25,25893
PDV26,32689
PDV28,14766
PDV33,9310
PDV37,10592
PDV39,7245
PDV40,4298
PDV41,18107
PDV42,6276
PDV43,8375
PER08,5800
PER19,2013
PER22,1262
PER32,84347
PER36,17238
PER51,3502
PVN03,7803
PVN08,9540
PVN10,16816
PVN11,9956
PVN16,15426
PVN21,6958
PVN23,5686
PVN24,113131
PVN27,4892
PVN37,22975
PVN39,12937
RAZ11,8046
RAZ14,19138
RAZ16,14228
RAZ17,7699
RAZ26,43658
RAZ29,5885
RAZ36,4569
RSE03,4068
RSE04,10536
RSE05,9952
RSE08,7018
RSE13,7651
RSE27,141356
RSE33,8552
RSE37,4350
SFO06,9463
SFO07,31238
SFO09,4927
SFO10,6175
SFO16,4613
SFO17,23104
SFO18,10888
SFO20,17397
SFO24,1957
SFO25,11062
SFO26,17824
SFO34,7131
SFO39,34864
SFO43,19427
SFO45,8987
SFO47,4966
SFO54,1464
SFO55,7281
SFO56,2337
SFO57,1180
SFO58,1456
SFO59,4248
SHU07,6103
SHU10,7724
SHU11,5654
SHU18,10519
SHU19,6408
SHU21,5262
SHU22,14702
SHU23,10424
SHU25,5502
SHU30,79167
SLS01,2278
SLS07,8864
SLS10,24201
SLS15,3950
SLS31,41766
SLS32,4533
SLS34,12178
SLV11,15919
SLV16,30569
SLV20,112890
SLV24,13312
SML02,3302
SML05,2493
SML09,9765
SML10,7510
SML11,9768
SML16,10062
SML18,5079
SML27,8674
SML31,33688
SML38,5943
SOF46,1274290
SZR04,7266
SZR07,10967
SZR12,65721
SZR22,9992
SZR23,2418
SZR24,12594
SZR27,16585
SZR31,144213
SZR36,18137
SZR37,4420
SZR38,4194
TGV02,4606
TGV22,16144
TGV23,5487
TGV24,22834
TGV35,49073
VAR01,8297
VAR02,19499
VAR04,9870
VAR05,3006
VAR06,319613
VAR08,4508
VAR09,7608
VAR13,15666
VAR14,7230
VAR16,12208
VAR24,18202
VAR26,6491
VID01,5049
VID03,763
VID06,3926
VID09,47847
VID15,1345
VID16,4810
VID22,3292
VID25,1067
VID30,2375
VID33,3299
VID37,1635
VRC05,4839
VRC08,19876
VRC10,61742
VRC20,18015
VRC21,7638
VRC27,17669
VRC28,5692
VRC31,8566
VRC32,4875
VRC35,3901
VTR04,76718
VTR06,38456
VTR13,7737
VTR14,3363
VTR20,11468
VTR22,18737
VTR26,11169
VTR28,27595
VTR31,10128
VTR32,2000
